도시,도서,언어,스킬,Lv,힌트,종류,영향권,발견물,선A,선1,선B,선2,선C,선3,선D,선4,선E,선5,선F,선6,선G,선7
,,,,,,,,,,,,,,,,,,,,,,
리스본,역사,갈,항,1,아프리카남단,지리,남서카,희망봉,,,,,,,,,,,,,,
런던,역사,슬,항,1,아프리카남단,지리,남서카,희망봉,,,,,,,,,,,,,,
나폴리,역사,슬,항,1,아프리카남단,지리,남서카,희망봉,,,,,,,,,,,,,,
아테네,역사,슬,항,1,아프리카남단,지리,남서카,희망봉,,,,,,,,,,,,,,
세빌리아,세계지도,스,항,2,서회항로,지리,카리브,신대륙,,,,,,,,,,,,,,
암스테르담,세계지도,로,항,1,서회항로,지리,카리브,신대륙,,,,,,,,,,,,,,
비엔나,세계지도,로,항,1,서회항로,지리,카리브,신대륙,,,,,,,,,,,,,,
제노바,세계지도,로,항,1,서회항로,지리,카리브,신대륙,,,,,,,,,,,,,,
피렌체,세계지도,로,항,1,서회항로,지리,카리브,신대륙,,,,,,,,,,,,,,
리스본,지리사,갈,항,1,인도항로,지리,인도양,인도,희망봉,1,,,,,,,,,,,,
암스테르담,지리사,슬,항,1,인도항로,지리,인도양,인도,희망봉,1,,,,,,,,,,,,
바르샤바,지리사,슬,항,1,인도항로,지리,인도양,인도,희망봉,1,,,,,,,,,,,,
베니스,지리사,슬,항,1,인도항로,지리,인도양,인도,희망봉,1,,,,,,,,,,,,
나폴리,지리사,슬,항,1,인도항로,지리,인도양,인도,희망봉,1,,,,,,,,,,,,
밀라노,지리사,슬,항,1,인도항로,지리,인도양,인도,희망봉,1,,,,,,,,,,,,
아테네,지리사,슬,항,1,인도항로,지리,인도양,인도,희망봉,1,,,,,,,,,,,,
리스본,세계지도,게,항,1,말라카해협,지리,필리핀,말라카해협,인도,3,,,,,,,,,,,,
비엔나,세계지도,게,항,1,말라카해협,지리,필리핀,말라카해협,인도,3,,,,,,,,,,,,
그라나다,세계지도,랍,항,2,향료제도,지리,필리핀,향료제도,말라카해협,4,,,,,,,,,,,,
튀니스,세계지도,랍,항,2,향료제도,지리,필리핀,향료제도,말라카해협,4,,,,,,,,,,,,
이스탄불,세계지도,랍,항,2,향료제도,지리,필리핀,향료제도,말라카해협,4,,,,,,,,,,,,
바그다드,세계지도,랍,항,2,향료제도,지리,필리핀,향료제도,말라카해협,4,,,,,,,,,,,,
나폴리,몽고제국여행기,로,항,2,중국,지리,필리핀,중국,말라카해협,4,,,,,,,,,,,,
로마,몽고제국여행기,로,항,2,중국,지리,필리핀,중국,말라카해협,4,,,,,,,,,,,,
세빌리아,세계지도,게,항,1,신세계해협,지리,남미,마젤란해협,신대륙,2,,,,,,,,,,,,
비엔나,세계지도,게,항,1,신세계해협,지리,남미,마젤란해협,신대륙,2,,,,,,,,,,,,
세빌리아,세계지서설,스,항,2,세계일주항로,지리,서유럽,세계일주항로,희망봉,1,말라카해협,4,마젤란해협,7,,,,,,,,
리스본,세계지서설,게,항,2,세계일주항로,지리,서유럽,세계일주항로,희망봉,1,말라카해협,4,마젤란해협,7,,,,,,,,
비엔나,세계지서설,게,항,2,세계일주항로,지리,서유럽,세계일주항로,희망봉,1,말라카해협,4,마젤란해협,7,,,,,,,,
베니스,동방견문록,로,항,2,지팡그,지리,중국,지팡구,말라카해협,4,,,,,,,,,,,,
제노바,동방견문록,로,항,2,지팡그,지리,중국,지팡구,말라카해협,4,,,,,,,,,,,,
로마,동방견문록,로,항,2,지팡그,지리,중국,지팡구,말라카해협,4,,,,,,,,,,,,
피렌체,과학집성,슬,항,3,남방대륙,지리,필리핀,남방대륙,말라카해협,4,,,,,,,,,,,,
아테네,과학집성,슬,항,3,남방대륙,지리,필리핀,남방대륙,말라카해협,4,,,,,,,,,,,,
알렉산드리아,과학집성,슬,항,3,남방대륙,지리,필리핀,남방대륙,말라카해협,4,,,,,,,,,,,,
바그다드,과학집성,슬,항,3,남방대륙,지리,필리핀,남방대륙,말라카해협,4,,,,,,,,,,,,
알렉산드리아,마파문데스,랍,-,-,남극대륙,지리,남미,남극대륙,남방대륙,10,,,,,,,,,,,,
광주,해양견성도,중,항,3,땅끝해협,지리,중국,베링해협,,,,,,,,,,,,,,
항주,해양견성도,중,항,3,땅끝해협,지리,중국,베링해협,,,,,,,,,,,,,,
테노치티틀란,아스카티트란그림문서,미,항,3,북쪽해협,지리,중국,베링해협,,,,,,,,,,,,,,
톨레도,키난인의여행기,스,측,1,흰비늘계단,지리,지중해,파므카레,,,,,,,,,,,,,,
바르셀로나,키난인의여행기,스,측,1,흰비늘계단,지리,지중해,파므카레,,,,,,,,,,,,,,
광주,수경주,중,측,2,황산,지리,중국,황산,중국,6,,,,,,,,,,,,
남경,수경주,중,측,2,황산,지리,중국,황산,중국,6,,,,,,,,,,,,
개봉,수경주,중,측,2,황산,지리,중국,황산,중국,6,,,,,,,,,,,,
북경,수경주,중,측,2,황산,지리,중국,황산,중국,6,,,,,,,,,,,,
암스테르담,지리학,로,측,2,지구의배꼽,지리,필리핀,에어즈록,남방대륙,10,,,,,,,,,,,,
제노바,지리학,로,측,2,지구의배꼽,지리,필리핀,에어즈록,남방대륙,10,,,,,,,,,,,,
로마,지리학,로,측,2,지구의배꼽,지리,필리핀,에어즈록,남방대륙,10,,,,,,,,,,,,
테노치티틀란,이슈트릴쇼티틀그림문서,미,측,1,웅대한협곡,지리,북미,그랜드캐니언,,,,,,,,,,,,,,
테노치티틀란,아스카티트란그림문서,미,측,3,신의제단,지리,북미,모뉴먼트밸리,그랜드캐니언,16,,,,,,,,,,,,
코펜하겐,사가,게,측,1,큰호수폭포,지리,북미,나이아가라폭포,신대륙,2,,,,,,,,,,,,
세빌리아,신세계자연문화사,스,측,3,이구아수폭포,지리,남미,이구아수폭포,,,,,,,,,,,,,,
테노치티틀란,신세계자연문화사,스,측,3,이구아수폭포,지리,남미,이구아수폭포,,,,,,,,,,,,,,
세빌리아,갈리아전기,스,-,-,카르낙거석군,역사,서유럽,카르낙거석군,,,,,,,,,,,,,,
톨레도,갈리아전기,스,-,-,카르낙거석군,역사,서유럽,카르낙거석군,,,,,,,,,,,,,,
파리,갈리아전기,스,-,-,카르낙거석군,역사,서유럽,카르낙거석군,,,,,,,,,,,,,,
런던,갈리아전기,스,-,-,카르낙거석군,역사,서유럽,카르낙거석군,,,,,,,,,,,,,,
코펜하겐,갈리아전기,스,-,-,카르낙거석군,역사,서유럽,카르낙거석군,,,,,,,,,,,,,,
리스본,갈리아전기,로,-,-,카르낙거석군,역사,서유럽,카르낙거석군,,,,,,,,,,,,,,
로마,갈리아전기,로,-,-,카르낙거석군,역사,서유럽,카르낙거석군,,,,,,,,,,,,,,
세빌리아,아더왕전설,로,-,-,거석제단,역사,서유럽,스톤헨지,,,,,,,,,,,,,,
파리,아더왕전설,로,-,-,거석제단,역사,서유럽,스톤헨지,,,,,,,,,,,,,,
런던,아더왕전설,로,-,-,거석제단,역사,서유럽,스톤헨지,,,,,,,,,,,,,,
리스본,일리아드,슬,역,1,미케네,역사,지중해,미케네,,,,,,,,,,,,,,
나폴리,일리아드,슬,역,1,미케네,역사,지중해,미케네,,,,,,,,,,,,,,
밀라노,일리아드,슬,역,1,미케네,역사,지중해,미케네,,,,,,,,,,,,,,
아테네,일리아드,슬,역,1,미케네,역사,지중해,미케네,,,,,,,,,,,,,,
베니스,그리스이야기,슬,역,1,파르테논신전,역사,지중해,파르테논신전,,,,,,,,,,,,,,
피렌체,그리스이야기,슬,역,1,파르테논신전,역사,지중해,파르테논신전,,,,,,,,,,,,,,
아테네,그리스이야기,슬,역,1,파르테논신전,역사,지중해,파르테논신전,,,,,,,,,,,,,,
이스탄불,그리스이야기,슬,역,1,파르테논신전,역사,지중해,파르테논신전,,,,,,,,,,,,,,
리스본,영웅전,로,역,1,델포이성지,역사,지중해,델포이성지,,,,,,,,,,,,,,
런던,영웅전,로,역,1,델포이성지,역사,지중해,델포이성지,,,,,,,,,,,,,,
밀라노,영웅전,로,역,1,델포이성지,역사,지중해,델포이성지,,,,,,,,,,,,,,
로마,영웅전,로,역,1,델포이성지,역사,지중해,델포이성지,,,,,,,,,,,,,,
바르샤바,오디세이아,슬,역,2,크노소스,역사,지중해,크노소스,,,,,,,,,,,,,,
제노바,오디세이아,슬,역,2,크노소스,역사,지중해,크노소스,,,,,,,,,,,,,,
밀라노,오디세이아,슬,역,2,크노소스,역사,지중해,크노소스,,,,,,,,,,,,,,
아테네,오디세이아,슬,역,2,크노소스,역사,지중해,크노소스,,,,,,,,,,,,,,
베니스,세계7대경관,슬,필,1,이집트피라미드,역사,지중해,기저의3대피라미드,,,,,,,,,,,,,,
제노바,세계7대경관,슬,필,1,이집트피라미드,역사,지중해,기저의3대피라미드,,,,,,,,,,,,,,
아테네,세계7대경관,슬,필,1,이집트피라미드,역사,지중해,기저의3대피라미드,,,,,,,,,,,,,,
튀니스,세계7대경관,슬,필,1,이집트피라미드,역사,지중해,기저의3대피라미드,,,,,,,,,,,,,,
이스탄불,세계7대경관,슬,필,1,이집트피라미드,역사,지중해,기저의3대피라미드,,,,,,,,,,,,,,
알렉산드리아,꽃의경이,랍,역,1,기저의3대피라미드,역사,지중해,기저의3대피라미드,,,,,,,,,,,,,,
카이로,꽃의경이,랍,역,1,기저의3대피라미드,역사,지중해,기저의3대피라미드,,,,,,,,,,,,,,
베니스,세계7대경관,슬,필,1,이집트피라미드,역사,지중해,스핑크스,,,,,,,,,,,,,,
제노바,세계7대경관,슬,필,1,이집트피라미드,역사,지중해,스핑크스,,,,,,,,,,,,,,
아테네,세계7대경관,슬,필,1,이집트피라미드,역사,지중해,스핑크스,,,,,,,,,,,,,,
튀니스,세계7대경관,슬,필,1,이집트피라미드,역사,지중해,스핑크스,,,,,,,,,,,,,,
이스탄불,세계7대경관,슬,필,1,이집트피라미드,역사,지중해,스핑크스,,,,,,,,,,,,,,
알렉산드리아,꽃의경이,랍,역,1,기제의3대피라미드,역사,지중해,스핑크스,,,,,,,,,,,,,,
카이로,꽃의경이,랍,역,1,기제의3대피라미드,역사,지중해,스핑크스,,,,,,,,,,,,,,
카이로,집사,랍,역,2,왕가의계곡,역사,지중해,왕가의계곡,,,,,,,,,,,,,,
이스파한,집사,랍,역,2,왕가의계곡,역사,지중해,왕가의계곡,,,,,,,,,,,,,,
바그다드,집사,랍,역,2,왕가의계곡,역사,지중해,왕가의계곡,,,,,,,,,,,,,,
메카,집사,랍,역,2,왕가의계곡,역사,지중해,왕가의계곡,,,,,,,,,,,,,,
알렉산드리아,역사서설,랍,-,-,테베의신전군,역사,지중해,룩소르신전,,,,,,,,,,,,,,
튀니스,역사서설,랍,-,-,테베의신전군,역사,지중해,룩소르신전,,,,,,,,,,,,,,
이스탄불,역사서설,랍,-,-,테베의신전군,역사,지중해,룩소르신전,,,,,,,,,,,,,,
예루살렘,역사서설,랍,-,-,테베의신전군,역사,지중해,룩소르신전,,,,,,,,,,,,,,
알렉산드리아,역사서설,랍,-,-,테베의신전군,역사,지중해,카르낙신전,,,,,,,,,,,,,,
튀니스,역사서설,랍,-,-,테베의신전군,역사,지중해,카르낙신전,,,,,,,,,,,,,,
이스탄불,역사서설,랍,-,-,테베의신전군,역사,지중해,카르낙신전,,,,,,,,,,,,,,
예루살렘,역사서설,랍,-,-,테베의신전군,역사,지중해,카르낙신전,,,,,,,,,,,,,,
로제타석,로제타석,슬,-,-,람세스2세의대신전,역사,지중해,아부심벨대신전,,,,,,,,,,,,,,
리스본,일리아드,슬,역,2,트로이,역사,지중해,트로이,,,,,,,,,,,,,,
나폴리,일리아드,슬,역,2,트로이,역사,지중해,트로이,,,,,,,,,,,,,,
밀라노,일리아드,슬,역,2,트로이,역사,지중해,트로이,,,,,,,,,,,,,,
아테네,일리아드,슬,역,2,트로이,역사,지중해,트로이,,,,,,,,,,,,,,
암스테르담,입문서,슬,역,2,이슈탈문,역사,지중해,이슈탈문,인도,3,,,,,,,,,,,,
코펜하겐,입문서,슬,역,2,이슈탈문,역사,지중해,이슈탈문,인도,3,,,,,,,,,,,,
아테네,입문서,슬,역,2,이슈탈문,역사,지중해,이슈탈문,인도,3,,,,,,,,,,,,
톨레도,페르시아인,슬,역,2,페르세폴리스,역사,지중해,페르세폴리스,인도,3,,,,,,,,,,,,
암스테르담,페르시아인,슬,역,2,페르세폴리스,역사,지중해,페르세폴리스,인도,3,,,,,,,,,,,,
제노바,페르시아인,슬,역,2,페르세폴리스,역사,지중해,페르세폴리스,인도,3,,,,,,,,,,,,
아테네,페르시아인,슬,역,2,페르세폴리스,역사,지중해,페르세폴리스,인도,3,,,,,,,,,,,,
델리,리그베다,힌,-,-,인더스의성채,역사,인도양,모헨조다로,모헨조다로,36,,,,,,,,,,,,
광주,대월사기,필,역,3,크메르의사원,역사,필리핀,앙코르와트,말라카해협,4,,,,,,,,,,,,
항주,대월사기,필,역,3,크메르의사원,역사,필리핀,앙코르와트,말라카해협,4,,,,,,,,,,,,
광주,대월사기,필,역,3,크메르의사원,역사,필리핀,앙코르톰,,,,,,,,,,,,,,
항주,대월사기,필,역,3,크메르의사원,역사,필리핀,앙코르톰,,,,,,,,,,,,,,
성도,대당서역기,중,역,2,운강석불,역사,중국,운강석불,중국,6,,,,,,,,,,,,
북경,대당서역기,중,역,2,운강석불,역사,중국,운강석불,중국,6,,,,,,,,,,,,
항주,한서,중,역,2,만리장성,역사,중국,만리장성,중국,6,,,,,,,,,,,,
성도,한서,중,역,2,만리장성,역사,중국,만리장성,중국,6,,,,,,,,,,,,
개봉,한서,중,역,2,만리장성,역사,중국,만리장성,중국,6,,,,,,,,,,,,
북경,한서,중,역,2,만리장성,역사,중국,만리장성,중국,6,,,,,,,,,,,,
성도,자치통감,중,역,3,건릉,역사,중국,건릉,중국,6,,,,,,,,,,,,
서안,자치통감,중,역,3,건릉,역사,중국,건릉,중국,6,,,,,,,,,,,,
밀라노,몽골인의역사,로,신,3,네스토리우스파,종교,중국,우국사철탑,중국,6,,,,,,,,,,,,
로마,몽골인의역사,로,신,3,네스토리우스파,종교,중국,우국사철탑,중국,6,,,,,,,,,,,,
한양,팔도도,본,역,2,무녕왕릉,역사,중국,무령왕릉,중국,6,,,,,,,,,,,,
교도,고사기,본,역,3,풍요의마을,역사,중국,등여유적,지팡구,9,,,,,,,,,,,,
이스파한,고레스탕,페,역,2,자바의거대불탑,역사,필리핀,보로부두르,말라카해협,4,,,,,,,,,,,,
사마르칸트,고레스탕,페,역,2,자바의거대불탑,역사,필리핀,보로부두르,말라카해협,4,,,,,,,,,,,,
델리,고레스탕,필,역,2,자바의거대불탑,역사,필리핀,보로부두르,말라카해협,4,,,,,,,,,,,,
테노치티틀란,이슈트릴쇼티틀그림문서,미,역,2,돌전사상,역사,카리브,투라,,,,,,,,,,,,,,
테노치티틀란,볼보닉스그림문서,미,역,2,비취가면,보물,카리브,팔렝케,,,,,,,,,,,,,,
테노치티틀란,볼보닉스그림문서,미,역,2,비취가면,보물,카리브,팔렝케,,,,,,,,,,,,,,
테노치티틀란,텔레리아노레멘시스그림문서,미,역,2,거대지상화,역사,남미,나스카지상화,,,,,,,,,,,,,,
마추픽추,잉카의키프,미,-,-,티아와나코,역사,남미,티아와나코,,,,,,,,,,,,,,
세빌리아,성블렌타누스의항해,게,신,1,성자의약속의거리,종교,카리브,치첸이트사의카스티료,신대륙,2,,,,,,,,,,,,
런던,성블렌타누스의항해,게,신,1,성자의약속의거리,종교,카리브,치첸이트사의카스티료,신대륙,2,,,,,,,,,,,,
세빌리아,성블렌타누스의항해,게,신,1,성자의약속의거리,종교,카리브,전사의신전,,,,,,,,,,,,,,
런던,성블렌타누스의항해,게,신,1,성자의약속의거리,종교,카리브,전사의신전,,,,,,,,,,,,,,
세빌리아,성블렌타누스의항해,게,신,1,성자의약속의거리,종교,카리브,카라콜천문대,,,,,,,,,,,,,,
런던,성블렌타누스의항해,게,신,1,성자의약속의거리,종교,카리브,카라콜천문대,,,,,,,,,,,,,,
리스본,시볼라의일곱황금도시,갈,신,1,시볼라의일곱고을,종교,카리브,마법사의피라미드,신대륙,2,,,,,,,,,,,,
세빌리아,시볼라의일곱황금도시,갈,신,1,시볼라의일곱고을,종교,카리브,마법사의피라미드,신대륙,2,,,,,,,,,,,,
테노치티틀란,이슈트릴쇼티틀그림문서,미,역,3,석조촌,민족,북미,푸에블로보닛,신대륙,2,,,,,,,,,,,,
테노치티틀란,볼보닉스그림문서,미,역,1,태양신전,역사,카리브,태양피라미드,아즈텍제국,77,,,,,,,,,,,,
테노치티틀란,볼보닉스그림문서,미,역,1,태양신전,역사,카리브,달피라미드,,,,,,,,,,,,,,
런던,베오울프,게,측,2,베오울프의황금투구,보물,북해,삿톤후의투구,,,,,,,,,,,,,,
런던,영국교회사,게,측,2,영국왕실의보물,보물,북해,존왕의성배,,,,,,,,,,,,,,
리스본,아가멤논,슬,역,2,아가멤논의마스크,보물,지중해,아가멤논의마스크,,,,,,,,,,,,,,
런던,아가멤논,슬,역,2,아가멤논의마스크,보물,지중해,아가멤논의마스크,,,,,,,,,,,,,,
베니스,아가멤논,슬,역,2,아가멤논의마스크,보물,지중해,아가멤논의마스크,,,,,,,,,,,,,,
아테네,아가멤논,슬,역,2,아가멤논의마스크,보물,지중해,아가멤논의마스크,,,,,,,,,,,,,,
룩소스신전,죽은자의서,-,역,3,소년왕의비보,보물,지중해,투탕카멘의마스크,,,,,,,,,,,,,,
스핑크스,스핑크스의목소리,-,-,-,고대이집트의기록,보물,지중해,로제타석,스핑크스,27,,,,,,,,,,,,
베니스,세계7대경관,슬,필,1,이집트의피라미드,역사,지중해,이집트의앵크,,,,,,,,,,,,,,
제노바,세계7대경관,슬,필,1,이집트의피라미드,역사,지중해,이집트의앵크,,,,,,,,,,,,,,
아테네,세계7대경관,슬,필,1,이집트의피라미드,역사,지중해,이집트의앵크,,,,,,,,,,,,,,
튀니스,세계7대경관,슬,필,1,이집트의피라미드,역사,지중해,이집트의앵크,,,,,,,,,,,,,,
이스탄불,세계7대경관,슬,필,1,이집트의피라미드,역사,지중해,이집트의앵크,,,,,,,,,,,,,,
알렉산드리아,꽃의경이,랍,역,1,기제의3대피라미드,역사,지중해,이집트의앵크,,,,,,,,,,,,,,
카이로,꽃의경이,랍,역,1,기제의3대피라미드,역사,지중해,이집트의앵크,,,,,,,,,,,,,,
알렉산드리아,용서의서,랍,역,3,사르곤왕의두상,보물,지중해,사르곤왕의두상,,,,,,,,,,,,,,
이스탄불,용서의서,랍,역,3,사르곤왕의두상,보물,지중해,사르곤왕의두상,,,,,,,,,,,,,,
다마스쿠스,용서의서,랍,역,3,사르곤왕의두상,보물,지중해,사르곤왕의두상,,,,,,,,,,,,,,
메카,용서의서,랍,역,3,사르곤왕의두상,보물,지중해,사르곤왕의두상,,,,,,,,,,,,,,
파리,전사,슬,역,1,우르의황금머리장식,보물,지중해,우르의황금머리장식품,인도,3,,,,,,,,,,,,
비엔나,전사,슬,역,1,우르의황금머리장식,보물,지중해,우르의황금머리장식품,인도,3,,,,,,,,,,,,
밀라노,전사,슬,역,1,우르의황금머리장식,보물,지중해,우르의황금머리장식품,인도,3,,,,,,,,,,,,
아테네,전사,슬,역,1,우르의황금머리장식,보물,지중해,우르의황금머리장식품,인도,3,,,,,,,,,,,,
바르샤바,오디세이아,슬,역,1,금은접시,보물,지중해,은접시,인도,3,,,,,,,,,,,,
제노바,오디세이아,슬,역,1,금은접시,보물,지중해,은접시,인도,3,,,,,,,,,,,,
밀라노,오디세이아,슬,역,1,금은접시,보물,지중해,은접시,인도,3,,,,,,,,,,,,
아테네,오디세이아,슬,역,1,금은접시,보물,지중해,은접시,인도,3,,,,,,,,,,,,
서안,현풍경회록,굴,역,2,은주전자,보물,지중해,은주전자,인도,3,,,,,,,,,,,,
북경,현풍경회록,굴,역,2,은주전자,보물,지중해,은주전자,인도,3,,,,,,,,,,,,
델리,마누법전,힌,-,-,시바신상,보물,인도양,시바신상,,,,,,,,,,,,,,
성도,남해기귀내법전,중,-,-,황금코끼리,보물,인도양,황금코끼리,말라카해협,4,,,,,,,,,,,,
서안,남해기귀내법전,중,-,-,황금코끼리,보물,인도양,황금코끼리,말라카해협,4,,,,,,,,,,,,
성도,서유록,굴,역,3,달라이라마의신전,민족,인도양,마니통,,,,,,,,,,,,,,
북경,서유록,굴,역,3,달라이라마의신전,민족,인도양,마니통,,,,,,,,,,,,,,
광주,춘추,중,역,1,금루옥의,보물,중국,금루옥의,중국,6,,,,,,,,,,,,
항주,춘추,중,역,1,금루옥의,보물,중국,금루옥의,중국,6,,,,,,,,,,,,
성도,춘추,중,역,1,금루옥의,보물,중국,금루옥의,중국,6,,,,,,,,,,,,
남경,춘추,중,역,1,금루옥의,보물,중국,금루옥의,중국,6,,,,,,,,,,,,
개봉,춘추,중,역,1,금루옥의,보물,중국,금루옥의,중국,6,,,,,,,,,,,,
서안,춘추,중,역,1,금루옥의,보물,중국,금루옥의,중국,6,,,,,,,,,,,,
북경,춘추,중,역,1,금루옥의,보물,중국,금루옥의,중국,6,,,,,,,,,,,,
한양,춘추,중,역,1,금루옥의,보물,중국,금루옥의,중국,6,,,,,,,,,,,,
성도,사기,중,역,2,진시황릉,역사,중국,금루옥의,중국,6,,,,,,,,,,,,
남경,사기,중,역,2,진시황릉,역사,중국,금루옥의,중국,6,,,,,,,,,,,,
개봉,사기,중,역,2,진시황릉,역사,중국,금루옥의,중국,6,,,,,,,,,,,,
서안,사기,중,역,2,진시황릉,역사,중국,금루옥의,중국,6,,,,,,,,,,,,
북경,사기,중,역,2,진시황릉,역사,중국,금루옥의,중국,6,,,,,,,,,,,,
광주,춘추,중,역,3,"은,주의청동기",보물,중국,사양방존,,,,,,,,,,,,,,
항주,춘추,중,역,3,"은,주의청동기",보물,중국,사양방존,,,,,,,,,,,,,,
성도,춘추,중,역,3,"은,주의청동기",보물,중국,사양방존,,,,,,,,,,,,,,
남경,춘추,중,역,3,"은,주의청동기",보물,중국,사양방존,,,,,,,,,,,,,,
개봉,춘추,중,역,3,"은,주의청동기",보물,중국,사양방존,,,,,,,,,,,,,,
서안,춘추,중,역,3,"은,주의청동기",보물,중국,사양방존,,,,,,,,,,,,,,
북경,춘추,중,역,3,"은,주의청동기",보물,중국,사양방존,,,,,,,,,,,,,,
한양,춘추,중,역,3,"은,주의청동기",보물,중국,사양방존,,,,,,,,,,,,,,
베니스,동방견문록,로,역,1,중국의칠보,보물,중국,명나라의칠보,중국,6,,,,,,,,,,,,
제노바,동방견문록,로,역,1,중국의칠보,보물,중국,명나라의칠보,중국,6,,,,,,,,,,,,
로마,동방견문록,로,역,1,중국의칠보,보물,중국,명나라의칠보,중국,6,,,,,,,,,,,,
광주,수시력,중,역,2,후풍지동의,보물,중국,후풍지동의,중국,6,,,,,,,,,,,,
북경,수시력,중,역,2,후풍지동의,보물,중국,후풍지동의,중국,6,,,,,,,,,,,,
한양,해동제국기,본,역,2,흰유리그릇,보물,중국,흰유리그릇,지팡구,9,,,,,,,,,,,,
델리,리그베다,힌,-,-,인더스의성채,역사,인도양,지모신상,인도,3,,,,,,,,,,,,
서안,위지왜인전,중,역,1,왜국의금도장,보물,중국,사마대국의도장,지팡구,9,,,,,,,,,,,,
북경,위지왜인전,중,역,1,왜국의금도장,보물,중국,사마대국의도장,지팡구,9,,,,,,,,,,,,
치첸이트사의카스티료,페레시아누스고사본,-,미,1,태양의왕국,보물,카리브,태양석,,,,,,,,,,,,,,
테노치티틀란,볼보닉스그림문서,미,역,1,수정해골,보물,카리브,수정해골,아즈텍제국,77,,,,,,,,,,,,
톨레도,유카탄사물기,스,역,3,황금의땅엘도라도,보물,남미,시페토크테신의가면,잉카제국,81,,,,,,,,,,,,
테노치티틀란,유카탄사물기,스,역,3,황금의땅엘도라도,보물,남미,시페토크테신의가면,잉카제국,81,,,,,,,,,,,,
테노치티틀란,볼보닉스그림문서,미,역,2,비취가면,보물,카리브,비취가면,아즈텍제국,77,,,,,,,,,,,,
테노치티틀란,태양의그림문서,미,역,1,황금제국,민족,남미,시칸의황금대가면,,,,,,,,,,,,,,
,장미 이야기,로,신,1,포아체성당,종교,서유럽,포아체성당,,,,,,,,,,,,,,
세빌리아,신학대전,스,-,-,몽생미셸,종교,서유럽,몽생미셸,,,,,,,,,,,,,,
바르셀로나,신학대전,스,-,-,몽생미셸,종교,서유럽,몽생미셸,,,,,,,,,,,,,,
파리,신학대전,로,-,-,몽생미셸,종교,서유럽,몽생미셸,,,,,,,,,,,,,,
베니스,신학대전,로,-,-,몽생미셸,종교,서유럽,몽생미셸,,,,,,,,,,,,,,
제노바,신학대전,로,-,-,몽생미셸,종교,서유럽,몽생미셸,,,,,,,,,,,,,,
나폴리,신학대전,로,-,-,몽생미셸,종교,서유럽,몽생미셸,,,,,,,,,,,,,,
피렌체,신학대전,로,-,-,몽생미셸,종교,서유럽,몽생미셸,,,,,,,,,,,,,,
밀라노,신학대전,로,-,-,몽생미셸,종교,서유럽,몽생미셸,,,,,,,,,,,,,,
로마,신학대전,로,-,-,몽생미셸,종교,서유럽,몽생미셸,,,,,,,,,,,,,,
베니스,신들의계보,로,신,1,북유럽의목조교회,종교,북해,성스테바성당,우스펜스키교회,99,,,,,,,,,,,,
피렌체,신들의계보,로,신,1,북유럽의목조교회,종교,북해,성스테바성당,우스펜스키교회,99,,,,,,,,,,,,
비엔나,이고리원정기,슬,신,1,러시아교회,종교,북해,우스펜스키교회,산피에트로대성당,110,,,,,,,,,,,,
바르샤바,이고리원정기,슬,신,1,러시아교회,종교,북해,우스펜스키교회,산피에트로대성당,110,,,,,,,,,,,,
바르샤바,알렉시아스,로,신,1,성소피아대성당,종교,지중해,성소피아대성당,,,,,,,,,,,,,,
제노바,알렉시아스,로,신,1,성소피아대성당,종교,지중해,성소피아대성당,,,,,,,,,,,,,,
리스본,프레스테조안의전설,갈,신,2,프레스테조안국,종교,지중해,성게오르기교회,,,,,,,,,,,,,,
런던,프레스테조안의전설,갈,신,2,프레스테조안국,종교,지중해,성게오르기교회,,,,,,,,,,,,,,
톨레도,키난인의여행기,스,신,2,카파도키아,종교,지중해,카파도키아,산티아고대성당,83,,,,,,,,,,,,
바르셀로나,키난인의여행기,스,신,2,카파도키아,종교,지중해,카파도키아,산티아고대성당,83,,,,,,,,,,,,
바르셀로나,성베네딕투스전,슬,신,1,성분묘교회,종교,지중해,성분묘교회,,,,,,,,,,,,,,
로마,성베네딕투스전,슬,신,1,성분묘교회,종교,지중해,성분묘교회,,,,,,,,,,,,,,
리스본,구약성경,로,신,2,에돔도시,종교,지중해,페트라,인도,3,,,,,,,,,,,,
세빌리아,구약성경,로,신,2,에돔도시,종교,지중해,페트라,인도,3,,,,,,,,,,,,
파리,구약성경,로,신,2,에돔도시,종교,지중해,페트라,인도,3,,,,,,,,,,,,
런던,구약성경,로,신,2,에돔도시,종교,지중해,페트라,인도,3,,,,,,,,,,,,
비엔나,구약성경,로,신,2,에돔도시,종교,지중해,페트라,인도,3,,,,,,,,,,,,
바르샤바,구약성경,로,신,2,에돔도시,종교,지중해,페트라,인도,3,,,,,,,,,,,,
로마,구약성경,로,신,2,에돔도시,종교,지중해,페트라,인도,3,,,,,,,,,,,,
예루살렘,구약성경,로,신,2,에돔도시,종교,지중해,페트라,인도,3,,,,,,,,,,,,
나폴리,지쥬앗사비,랍,신,1,나바테아의암굴도시,종교,지중해,페트라,인도,3,,,,,,,,,,,,
알렉산드리아,지쥬앗사비,랍,신,1,나바테아의암굴도시,종교,지중해,페트라,인도,3,,,,,,,,,,,,
예루살렘,지쥬앗사비,랍,신,1,나바테아의암굴도시,종교,지중해,페트라,인도,3,,,,,,,,,,,,
이스파한,지쥬앗사비,랍,신,1,나바테아의암굴도시,종교,지중해,페트라,인도,3,,,,,,,,,,,,
바그다드,지쥬앗사비,랍,신,1,나바테아의암굴도시,종교,지중해,페트라,인도,3,,,,,,,,,,,,
사마르칸트,지쥬앗사비,랍,신,1,나바테아의암굴도시,종교,지중해,페트라,인도,3,,,,,,,,,,,,
리스본,구약성경,로,신,2,갈데아우르의성탑,종교,인도양,지그라트,인도,3,,,,,,,,,,,,
세빌리아,구약성경,로,신,2,갈데아우르의성탑,종교,인도양,지그라트,인도,3,,,,,,,,,,,,
파리,구약성경,로,신,2,갈데아우르의성탑,종교,인도양,지그라트,인도,3,,,,,,,,,,,,
런던,구약성경,로,신,2,갈데아우르의성탑,종교,인도양,지그라트,인도,3,,,,,,,,,,,,
비엔나,구약성경,로,신,2,갈데아우르의성탑,종교,인도양,지그라트,인도,3,,,,,,,,,,,,
바르샤바,구약성경,로,신,2,갈데아우르의성탑,종교,인도양,지그라트,인도,3,,,,,,,,,,,,
로마,구약성경,로,신,2,갈데아우르의성탑,종교,인도양,지그라트,인도,3,,,,,,,,,,,,
예루살렘,구약성경,로,신,2,갈데아우르의성탑,종교,인도양,지그라트,인도,3,,,,,,,,,,,,
이슈탈문,수메르의점토판,페,-,-,노아의방주,종교,지중해,노아의방주,어보리지니,224,파돈족,221,인디안,227,이누이트,226,홋텐토트족,220,뉴기니아인,225,시바신상,67
성분묘교회,사해사본,슬,-,-,바벨탑,종교,지중해,바벨탑,지그라트,64,태양피라미드,55,기저의3대피라미드,27,,,,,,,,
비엔나,이고리원정기,슬,신,1,러시아교회,종교,북해,성소피아교회,산피에트로대성당,110,,,,,,,,,,,,
바르샤바,이고리원정기,슬,신,1,러시아교회,종교,북해,성소피아교회,산피에트로대성당,110,,,,,,,,,,,,
세빌리아,아더왕전설,로,신,3,아더왕의성배,종교,북해,아더왕의성배,,,,,,,,,,,,,,
파리,아더왕전설,로,신,3,아더왕의성배,종교,북해,아더왕의성배,,,,,,,,,,,,,,
런던,아더왕전설,로,신,3,아더왕의성배,종교,북해,아더왕의성배,,,,,,,,,,,,,,
비엔나,작센슈피겔,게,신,2,성스테판의관,종교,지중해,성스테판의관,,,,,,,,,,,,,,
파리,이단논박대전,로,신,3,성스러운유물상자,종교,지중해,성스러운유물상자,산티아고대성당,83,산마르틴교회,87,,,,,,,,,,
나폴리,이단논박대전,로,신,3,성스러운유물상자,종교,지중해,성스러운유물상자,산티아고대성당,83,산마르틴교회,87,,,,,,,,,,
로마,이단논박대전,로,신,3,성스러운유물상자,종교,지중해,성스러운유물상자,산티아고대성당,83,산마르틴교회,87,,,,,,,,,,
밀라노,몽골인의역사,로,신,3,네스토리우스파,종교,중국,경교의십자가,,,,,,,,,,,,,,
로마,몽골인의역사,로,신,3,네스토리우스파,종교,중국,경교의십자가,,,,,,,,,,,,,,
톨레도,고백,로,신,2,천상의커텐,종교,북해,오로라,,,,,,,,,,,,,,
바르샤바,고백,로,신,2,천상의커텐,종교,북해,오로라,,,,,,,,,,,,,,
베니스,고백,로,신,2,천상의커텐,종교,북해,오로라,,,,,,,,,,,,,,
제노바,고백,로,신,2,천상의커텐,종교,북해,오로라,,,,,,,,,,,,,,
나폴리,고백,로,신,2,천상의커텐,종교,북해,오로라,,,,,,,,,,,,,,
피렌체,고백,로,신,2,천상의커텐,종교,북해,오로라,,,,,,,,,,,,,,
밀라노,고백,로,신,2,천상의커텐,종교,북해,오로라,,,,,,,,,,,,,,
리스본,역사,로,회,2,인도의곡물,교역,인도양,쌀,인도,3,,,,,,,,,,,,
바르셀로나,역사,로,회,2,인도의곡물,교역,인도양,쌀,인도,3,,,,,,,,,,,,
베니스,역사,로,회,2,인도의곡물,교역,인도양,쌀,인도,3,,,,,,,,,,,,
로마,역사,로,회,2,인도의곡물,교역,인도양,쌀,인도,3,,,,,,,,,,,,
세빌리아,누에바에스파냐제사물개사,스,회,1,누에바에스파냐곡물,교역,카리브,옥수수,아즈텍제국,77,,,,,,,,,,,,
테노치티틀란,누에바에스파냐제사물개사,스,회,1,누에바에스파냐곡물,교역,카리브,옥수수,아즈텍제국,77,,,,,,,,,,,,
세빌리아,신세계자연문화사,스,회,2,감자,교역,남미,감자,잉카제국,81,,,,,,,,,,,,
테노치티틀란,신세계자연문화사,스,회,2,감자,교역,남미,감자,잉카제국,81,,,,,,,,,,,,
베니스,동방견문록,로,회,1,후추,교역,인도양,후추,희망봉,1,,,,,,,,,,,,
제노바,동방견문록,로,회,1,후추,교역,인도양,후추,희망봉,1,,,,,,,,,,,,
로마,동방견문록,로,회,1,후추,교역,인도양,후추,희망봉,1,,,,,,,,,,,,
나폴리,몽고제국여행기,로,회,1,정향,교역,필리핀,정향,말라카해협,4,,,,,,,,,,,,
로마,몽고제국여행기,로,회,1,정향,교역,필리핀,정향,말라카해협,4,,,,,,,,,,,,
톨레도,역사,로,회,2,계피,교역,인도양,계피,인도,3,,,,,,,,,,,,
로마,역사,로,회,2,계피,교역,인도양,계피,인도,3,,,,,,,,,,,,
톨레도,유카탄사물기,스,회,2,새로운향료,교역,카리브,피멘트,아즈텍제국,77,,,,,,,,,,,,
테노치티틀란,유카탄사물기,스,회,2,새로운향료,교역,카리브,피멘트,아즈텍제국,77,,,,,,,,,,,,
톨레도,서고트사,로,역,2,사라센의활력음료,교역,인도양,커피,인도,3,,,,,,,,,,,,
바르셀로나,서고트사,로,역,2,사라센의활력음료,교역,인도양,커피,인도,3,,,,,,,,,,,,
항주,끽다양생기,중,의,2,차,교역,중국,차,중국,6,,,,,,,,,,,,
남경,끽다양생기,중,의,2,차,교역,중국,차,중국,6,,,,,,,,,,,,
톨레도,유카탄사물기,스,회,3,신세계의강장열매,교역,카리브,카카오,아즈텍제국,77,,,,,,,,,,,,
테노치티틀란,유카탄사물기,스,회,3,신세계의강장열매,교역,카리브,카카오,아즈텍제국,77,,,,,,,,,,,,
세빌리아,누에바에스파냐의인디아스사,스,회,1,담배,교역,카리브,담배,아즈텍제국,77,,,,,,,,,,,,
테노치티틀란,누에바에스파냐의인디아스사,스,회,1,담배,교역,카리브,담배,아즈텍제국,77,,,,,,,,,,,,
광주,염철론,중,회,3,비단원료,교역,중국,생사,중국,6,,,,,,,,,,,,
개봉,염철론,중,회,3,비단원료,교역,중국,생사,중국,6,,,,,,,,,,,,
서안,염철론,중,회,3,비단원료,교역,중국,생사,중국,6,,,,,,,,,,,,
북경,염철론,중,회,3,비단원료,교역,중국,생사,중국,6,,,,,,,,,,,,
알렉산드리아,완사,랍,회,2,골동품,교역,지중해,골동품,,,,,,,,,,,,,,
예루살렘,완사,랍,회,2,골동품,교역,지중해,골동품,,,,,,,,,,,,,,
바그다드,완사,랍,회,2,골동품,교역,지중해,골동품,,,,,,,,,,,,,,
다마스쿠스,대원일통지,굴,회,1,융단,교역,지중해,융단,인도,3,,,,,,,,,,,,
사마르칸트,대원일통지,굴,회,1,융단,교역,지중해,융단,인도,3,,,,,,,,,,,,
델리,카우시카수트라,힌,회,2,편사,교역,인도양,편사,,,,,,,,,,,,,,
카이로,의학정전,랍,의,2,사향,교역,지중해,사향,인도,3,,,,,,,,,,,,
바그다드,의학정전,랍,의,2,사향,교역,지중해,사향,인도,3,,,,,,,,,,,,
메카,의학정전,랍,의,2,사향,교역,지중해,사향,인도,3,,,,,,,,,,,,
사마르칸트,의학정전,랍,의,2,사향,교역,지중해,사향,인도,3,,,,,,,,,,,,
성게오르기교회,그림성경,프,-,-,유향,교역,동프카,유향,성게오르기교회,101,,,,,,,,,,,,
나폴리,궁정인,로,회,2,용연향,교역,서유럽,용연향,,,,,,,,,,,,,,
로마,궁정인,로,회,2,용연향,교역,서유럽,용연향,,,,,,,,,,,,,,
항주,불국기,중,회,3,백단,교역,필리핀,백단,말라카해협,4,,,,,,,,,,,,
성도,불국기,중,회,3,백단,교역,필리핀,백단,말라카해협,4,,,,,,,,,,,,
교도,죽취이야기,본,회,2,진주,교역,필리핀,진주,,,,,,,,,,,,,,
항주,사통,중,회,3,비취,교역,인도양,비취,중국,6,,,,,,,,,,,,
북경,사통,중,회,3,비취,교역,인도양,비취,중국,6,,,,,,,,,,,,
그라나다,의학대전,랍,회,2,코뿔소의뿔,교역,동프카,코뿔소의뿔,희망봉,1,,,,,,,,,,,,
알렉산드리아,의학대전,랍,회,2,코뿔소의뿔,교역,동프카,코뿔소의뿔,희망봉,1,,,,,,,,,,,,
튀니스,의학대전,랍,회,2,코뿔소의뿔,교역,동프카,코뿔소의뿔,희망봉,1,,,,,,,,,,,,
다마스쿠스,의학대전,랍,회,2,코뿔소의뿔,교역,동프카,코뿔소의뿔,희망봉,1,,,,,,,,,,,,
세빌리아,엘시드의노래,스,회,1,상아,교역,북서카,상아,,,,,,,,,,,,,,
톨레도,엘시드의노래,스,회,1,상아,교역,북서카,상아,,,,,,,,,,,,,,
베니스,주판서,로,-,-,산호,교역,동프카,산호,희망봉,1,,,,,,,,,,,,
제노바,주판서,로,-,-,산호,교역,동프카,산호,희망봉,1,,,,,,,,,,,,
피렌체,주판서,로,-,-,산호,교역,동프카,산호,희망봉,1,,,,,,,,,,,,
이스파한,일곱왕비이야기,페,회,2,별갑,교역,인도양,별갑,인도,3,,,,,,,,,,,,
바그다드,일곱왕비이야기,페,회,2,별갑,교역,인도양,별갑,인도,3,,,,,,,,,,,,
성도,상한론,중,의,3,약재,교역,중국,약재,중국,6,,,,,,,,,,,,
남경,상한론,중,의,3,약재,교역,중국,약재,중국,6,,,,,,,,,,,,
북경,상한론,중,의,3,약재,교역,중국,약재,중국,6,,,,,,,,,,,,
리스본,기네발견정복기,갈,-,-,노예,교역,북서카,노예,,,,,,,,,,,,,,
마법사의피라미드,트로아노고사본,미,-,-,무제국,미신,남미,무제국,노아의방주,106,바벨탑,107,아부심벨대신전,32,포타라궁전,69,모아이,212,,,,
톨레도,묵시록주석,로,과,3,네스호의괴수,미신,북해,네시,트롤,145,,,,,,,,,,,,
바르셀로나,묵시록주석,로,과,3,네스호의괴수,미신,북해,네시,트롤,145,,,,,,,,,,,,
세빌리아,에다,게,과,2,트롤,미신,북해,트롤,,,,,,,,,,,,,,
코펜하겐,에다,게,과,2,트롤,미신,북해,트롤,,,,,,,,,,,,,,
리스본,신통기,슬,역,2,미노타우로스,미신,지중해,미노타우로스,,,,,,,,,,,,,,
밀라노,신통기,슬,역,2,미노타우로스,미신,지중해,미노타우로스,,,,,,,,,,,,,,
아테네,신통기,슬,역,2,미노타우로스,미신,지중해,미노타우로스,,,,,,,,,,,,,,
알렉산드리아,아프리카지,랍,과,3,테레호의수룡,미신,남서카,모케레무벰베,,,,,,,,,,,,,,
카이로,아프리카지,랍,과,3,테레호의수룡,미신,남서카,모케레무벰베,,,,,,,,,,,,,,
그라나다,천일야화,랍,역,2,록크,미신,지중해,콩가마토,희망봉,1,,,,,,,,,,,,
이스탄불,천일야화,랍,역,2,록크,미신,지중해,콩가마토,희망봉,1,,,,,,,,,,,,
다마스쿠스,천일야화,랍,역,2,록크,미신,지중해,콩가마토,희망봉,1,,,,,,,,,,,,
메카,천일야화,랍,역,2,록크,미신,지중해,콩가마토,희망봉,1,,,,,,,,,,,,
델리,판챠탄트라,힌,과,1,이에티,미신,인도양,이에티,중국,6,,,,,,,,,,,,
세빌리아,아마조네스,스,미,1,아마조네스,민족,남미,아마조네스,신대륙,2,,,,,,,,,,,,
아테네,큐크롭스,슬,의,2,파타곤,민족,남미,파타곤,,,,,,,,,,,,,,
세빌리아,신국,로,의,2,흡혈귀,미신,지중해,흡혈귀,,,,,,,,,,,,,,
바르셀로나,신국,로,의,2,흡혈귀,미신,지중해,흡혈귀,,,,,,,,,,,,,,
바르샤바,신국,로,의,2,흡혈귀,미신,지중해,흡혈귀,,,,,,,,,,,,,,
베니스,신국,로,의,2,흡혈귀,미신,지중해,흡혈귀,,,,,,,,,,,,,,
제노바,신국,로,의,2,흡혈귀,미신,지중해,흡혈귀,,,,,,,,,,,,,,
나폴리,신국,로,의,2,흡혈귀,미신,지중해,흡혈귀,,,,,,,,,,,,,,
피렌체,신국,로,의,2,흡혈귀,미신,지중해,흡혈귀,,,,,,,,,,,,,,
로마,신국,로,의,2,흡혈귀,미신,지중해,흡혈귀,,,,,,,,,,,,,,
세빌리아,신국,로,신,2,흰곰,종교,북해,북극곰,,,,,,,,,,,,,,
바르셀로나,신국,로,신,2,흰곰,종교,북해,북극곰,,,,,,,,,,,,,,
바르샤바,신국,로,신,2,흰곰,종교,북해,북극곰,,,,,,,,,,,,,,
베니스,신국,로,신,2,흰곰,종교,북해,북극곰,,,,,,,,,,,,,,
제노바,신국,로,신,2,흰곰,종교,북해,북극곰,,,,,,,,,,,,,,
나폴리,신국,로,신,2,흰곰,종교,북해,북극곰,,,,,,,,,,,,,,
피렌체,신국,로,신,2,흰곰,종교,북해,북극곰,,,,,,,,,,,,,,
로마,신국,로,신,2,흰곰,종교,북해,북극곰,,,,,,,,,,,,,,
리스본,박물지,로,과,1,용의아종,미신,남서카,악어,,,,,,,,,,,,,,
바르셀로나,박물지,로,과,1,용의아종,미신,남서카,악어,,,,,,,,,,,,,,
베니스,박물지,로,과,1,용의아종,미신,남서카,악어,,,,,,,,,,,,,,
로마,박물지,로,과,1,용의아종,미신,남서카,악어,,,,,,,,,,,,,,
리스본,항해기록,갈,과,1,입만있는짐승,미신,북서카,하마,,,,,,,,,,,,,,
그라나다,3대륙주유기,랍,과,2,달리는새,미신,북서카,타조,,,,,,,,,,,,,,
튀니스,3대륙주유기,랍,과,2,달리는새,미신,북서카,타조,,,,,,,,,,,,,,
리스본,아프리카,로,과,2,인면수,미신,남서카,맨드릴,,,,,,,,,,,,,,
나폴리,아프리카,로,과,2,인면수,미신,남서카,맨드릴,,,,,,,,,,,,,,
밀라노,아프리카,로,과,2,인면수,미신,남서카,맨드릴,,,,,,,,,,,,,,
리스본,기원론,로,과,2,헤엄치는새,미신,남서카,케이프펭귄,마젤란해협,7,,,,,,,,,,,,
세빌리아,기원론,로,과,2,헤엄치는새,미신,남서카,케이프펭귄,마젤란해협,7,,,,,,,,,,,,
톨레도,기원론,로,과,2,헤엄치는새,미신,남서카,케이프펭귄,마젤란해협,7,,,,,,,,,,,,
바르셀로나,기원론,로,과,2,헤엄치는새,미신,남서카,케이프펭귄,마젤란해협,7,,,,,,,,,,,,
리스본,아프리카,로,과,2,별탑,미신,남서카,거대알로에,,,,,,,,,,,,,,
나폴리,아프리카,로,과,2,별탑,미신,남서카,거대알로에,,,,,,,,,,,,,,
밀라노,아프리카,로,과,2,별탑,미신,남서카,거대알로에,,,,,,,,,,,,,,
피렌체,세계지,로,과,1,식충식물,미신,필리핀,네펜데스,,,,,,,,,,,,,,
로마,세계지,로,과,1,식충식물,미신,필리핀,네펜데스,,,,,,,,,,,,,,
피렌체,세계지,로,과,1,식충식물,미신,북미,파리지옥풀,말라카해협,4,,,,,,,,,,,,
로마,세계지,로,과,1,식충식물,미신,북미,파리지옥풀,말라카해협,4,,,,,,,,,,,,
알렉산드리아,악마론,랍,과,1,지옥의꽃,미신,필리핀,라플레시아,신대륙,2,,,,,,,,,,,,
메카,악마론,랍,과,1,지옥의꽃,미신,필리핀,라플레시아,신대륙,2,,,,,,,,,,,,
베니스,세계의모습,로,의,2,남해의괴수,미신,남미,이구아나,남방대륙,10,,,,,,,,,,,,
제노바,세계의모습,로,의,2,남해의괴수,미신,남미,이구아나,남방대륙,10,,,,,,,,,,,,
나폴리,세계의모습,로,의,2,남해의괴수,미신,남미,이구아나,남방대륙,10,,,,,,,,,,,,
리스본,항해기록,갈,과,1,사마귀멧돼지,생물,북서카,사마귀멧돼지,,,,,,,,,,,,,,
리스본,기원론,로,과,3,태고의물고기,생물,동프카,실러캔스,,,,,,,,,,,,,,
세빌리아,기원론,로,과,3,태고의물고기,생물,동프카,실러캔스,,,,,,,,,,,,,,
톨레도,기원론,로,과,3,태고의물고기,생물,동프카,실러캔스,,,,,,,,,,,,,,
바르셀로나,기원론,로,과,3,태고의물고기,생물,동프카,실러캔스,,,,,,,,,,,,,,
그라나다,동물개론,랍,과,1,아프리카바늘두더지,생물,서유럽,아프리카바늘두더지,,,,,,,,,,,,,,
다마스쿠스,동물개론,랍,과,1,아프리카바늘두더지,생물,서유럽,아프리카바늘두더지,,,,,,,,,,,,,,
바그다드,동물개론,랍,과,1,아프리카바늘두더지,생물,서유럽,아프리카바늘두더지,,,,,,,,,,,,,,
사마르칸트,동물개론,랍,과,1,아프리카바늘두더지,생물,서유럽,아프리카바늘두더지,,,,,,,,,,,,,,
성도,태극도설,중,과,1,고양이곰,생물,중국,판다,중국,6,,,,,,,,,,,,
북경,태극도설,중,과,1,고양이곰,생물,중국,판다,중국,6,,,,,,,,,,,,
남경,완화군현도시,중,과,2,호랑이,생물,중국,호랑이,중국,6,,,,,,,,,,,,
북경,완화군현도시,중,과,2,호랑이,생물,중국,호랑이,중국,6,,,,,,,,,,,,
개봉,제민요술,중,신,3,담비,생물,인도양,검은담비,중국,6,,,,,,,,,,,,
서안,제민요술,중,신,3,담비,생물,인도양,검은담비,중국,6,,,,,,,,,,,,
델리,마하바라타,힌,-,-,극락조,생물,필리핀,극락조,,,,,,,,,,,,,,
피렌체,세계지,로,과,1,자수수,생물,필리핀,캥거루,남방대륙,10,,,,,,,,,,,,
로마,세계지,로,과,1,자수수,생물,필리핀,캥거루,남방대륙,10,,,,,,,,,,,,
피렌체,세계지,로,과,1,자수수,생물,필리핀,코알라,,,,,,,,,,,,,,
로마,세계지,로,과,1,자수수,생물,필리핀,코알라,,,,,,,,,,,,,,
피렌체,세계지,로,과,1,자수수,생물,필리핀,원바트,,,,,,,,,,,,,,
로마,세계지,로,과,1,자수수,생물,필리핀,원바트,,,,,,,,,,,,,,
알렉산드리아,카릴라와디무나,랍,과,2,신천옹,생물,필리핀,신천옹,중국,6,,,,,,,,,,,,
튀니스,카릴라와디무나,랍,과,2,신천옹,생물,필리핀,신천옹,중국,6,,,,,,,,,,,,
이스탄불,카릴라와디무나,랍,과,2,신천옹,생물,필리핀,신천옹,중국,6,,,,,,,,,,,,
바그다드,카릴라와디무나,랍,과,2,신천옹,생물,필리핀,신천옹,중국,6,,,,,,,,,,,,
알렉산드리아,카릴라와디무나,랍,과,1,코끼리거북,생물,남미,갈라파고스코끼리거북,마젤란해협,7,,,,,,,,,,,,
튀니스,카릴라와디무나,랍,과,1,코끼리거북,생물,남미,갈라파고스코끼리거북,마젤란해협,7,,,,,,,,,,,,
이스탄불,카릴라와디무나,랍,과,1,코끼리거북,생물,남미,갈라파고스코끼리거북,마젤란해협,7,,,,,,,,,,,,
바그다드,카릴라와디무나,랍,과,1,코끼리거북,생물,남미,갈라파고스코끼리거북,마젤란해협,7,,,,,,,,,,,,
그라나다,동물개론,랍,-,-,군관조,생물,필리핀,큰군관조,,,,,,,,,,,,,,
다마스쿠스,동물개론,랍,-,-,군관조,생물,필리핀,큰군관조,,,,,,,,,,,,,,
바그다드,동물개론,랍,-,-,군관조,생물,필리핀,큰군관조,,,,,,,,,,,,,,
사마르칸트,동물개론,랍,-,-,군관조,생물,필리핀,큰군관조,,,,,,,,,,,,,,
코펜하겐,사가,게,과,2,숲속의주걱사슴,생물,북미,무스,신대륙,2,,,,,,,,,,,,
세빌리아,누에바에스파냐의인디아스사,스,과,1,직립쥐,생물,북미,프레리독,아즈텍제국,77,,,,,,,,,,,,
테노치티틀란,누에바에스파냐의인디아스사,스,과,1,직립쥐,생물,북미,프레리독,아즈텍제국,77,,,,,,,,,,,,
세빌리아,신세계자연문화사,스,과,2,신세계의가축,생물,남미,라마,잉카제국,81,,,,,,,,,,,,
테노치티틀란,신세계자연문화사,스,과,2,신세계의가축,생물,남미,라마,잉카제국,81,,,,,,,,,,,,
그라나다,외과전서,랍,의,3,새잡는거미,생물,남미,타란툴라,아즈텍제국,77,,,,,,,,,,,,
카이로,외과전서,랍,의,3,새잡는거미,생물,남미,타란툴라,아즈텍제국,77,,,,,,,,,,,,
이스탄불,외과전서,랍,의,3,새잡는거미,생물,남미,타란툴라,아즈텍제국,77,,,,,,,,,,,,
예루살렘,외과전서,랍,의,3,새잡는거미,생물,남미,타란툴라,아즈텍제국,77,,,,,,,,,,,,
이스파한,외과전서,랍,의,3,새잡는거미,생물,남미,타란툴라,아즈텍제국,77,,,,,,,,,,,,
리스본,역사,갈,역,2,파피루스,생물,지중해,파피루스,,,,,,,,,,,,,,
아테네,역사,슬,역,2,파피루스,생물,지중해,파피루스,,,,,,,,,,,,,,
런던,역사,슬,역,2,파피루스,생물,지중해,파피루스,,,,,,,,,,,,,,
나폴리,역사,슬,역,2,파피루스,생물,지중해,파피루스,,,,,,,,,,,,,,
암스테르담,여행기,게,과,1,다리달린나무,생물,중국,망그로브,중국,6,,,,,,,,,,,,
런던,여행기,게,과,1,다리달린나무,생물,중국,망그로브,중국,6,,,,,,,,,,,,
리스본,박물지,로,과,2,더듬이풀,생물,남서카,웰웽챠,희망봉,1,,,,,,,,,,,,
바르셀로나,박물지,로,과,2,더듬이풀,생물,남서카,웰웽챠,희망봉,1,,,,,,,,,,,,
베니스,박물지,로,과,2,더듬이풀,생물,남서카,웰웽챠,희망봉,1,,,,,,,,,,,,
로마,박물지,로,과,2,더듬이풀,생물,남서카,웰웽챠,희망봉,1,,,,,,,,,,,,
델리,바가바타푸라나,힌,과,1,정토의연꽃,생물,남미,큰가시연꽃,중국,6,,,,,,,,,,,,
베니스,약물지,슬,과,2,빵달린나무,생물,필리핀,빵나무,향료제도,5,,,,,,,,,,,,
아테네,약물지,슬,과,2,빵달린나무,생물,필리핀,빵나무,향료제도,5,,,,,,,,,,,,
튀니스,약물지,슬,과,2,빵달린나무,생물,필리핀,빵나무,향료제도,5,,,,,,,,,,,,
바그다드,약물지,슬,과,2,빵달린나무,생물,필리핀,빵나무,향료제도,5,,,,,,,,,,,,
세빌리아,누에바에스파냐제사물개사,스,과,2,세계제일의거목,생물,북미,세쿼이아,신대륙,2,,,,,,,,,,,,
테노치티틀란,누에바에스파냐제사물개사,스,과,2,세계제일의거목,생물,북미,세쿼이아,신대륙,2,,,,,,,,,,,,
세빌리아,신세계자연문화사,스,과,3,흰수액나무,생물,남미,고무나무,향료제도,5,,,,,,,,,,,,
테노치티틀란,신세계자연문화사,스,과,3,흰수액나무,생물,남미,고무나무,향료제도,5,,,,,,,,,,,,
알렉산드리아,아르고나우티카,슬,의,3,남극인,민족,남미,마젤란펭귄,남방대륙,10,,,,,,,,,,,,
피렌체,세계지,로,과,1,비어,생물,중국,날치,말라카해협,4,,,,,,,,,,,,
로마,세계지,로,과,1,비어,생물,중국,날치,말라카해협,4,,,,,,,,,,,,
그라나다,3대륙주유기,랍,프,1,진흙모스크,민족,북서카,진흙모스크,희망봉,1,,,,,,,,,,,,
튀니스,3대륙주유기,랍,프,1,진흙모스크,민족,북서카,진흙모스크,희망봉,1,,,,,,,,,,,,
예루살렘,정신적매스나비,랍,프,1,짐바브웨요새,민족,동프카,짐바브웨신전,희망봉,1,,,,,,,,,,,,
다마스쿠스,정신적매스나비,페,프,1,짐바브웨요새,민족,동프카,짐바브웨신전,희망봉,1,,,,,,,,,,,,
이스파한,정신적매스나비,페,프,1,짐바브웨요새,민족,동프카,짐바브웨신전,희망봉,1,,,,,,,,,,,,
이스탄불,정신적매스나비,페,프,1,짐바브웨요새,민족,동프카,짐바브웨신전,희망봉,1,,,,,,,,,,,,
메카,정신적매스나비,랍,프,1,짐바브웨요새,민족,동프카,짐바브웨신전,희망봉,1,,,,,,,,,,,,
알렉산드리아,완사,랍,역,1,인도의빛의모스크,민족,인도양,타지마할,인도,3,,,,,,,,,,,,
예루살렘,완사,랍,역,1,인도의빛의모스크,민족,인도양,타지마할,인도,3,,,,,,,,,,,,
바그다드,완사,랍,역,1,인도의빛의모스크,민족,인도양,타지마할,인도,3,,,,,,,,,,,,
이스탄불,교훈의책,랍,역,2,힌두교사원,민족,인도양,브리하티슈바라사원,,,,,,,,,,,,,,
다마스쿠스,교훈의책,랍,역,2,힌두교사원,민족,인도양,브리하티슈바라사원,,,,,,,,,,,,,,
바그다드,교훈의책,랍,역,2,힌두교사원,민족,인도양,브리하티슈바라사원,,,,,,,,,,,,,,
메카,교훈의책,랍,역,2,힌두교사원,민족,인도양,브리하티슈바라사원,,,,,,,,,,,,,,
사마르칸트,교훈의책,랍,역,2,힌두교사원,민족,인도양,브리하티슈바라사원,,,,,,,,,,,,,,
델리,교훈의책,랍,역,2,힌두교사원,민족,인도양,브리하티슈바라사원,,,,,,,,,,,,,,
그라나다,3대륙주유기,랍,역,2,면불탑,민족,인도양,슈웨다곤파고다,말라카해협,4,,,,,,,,,,,,
튀니스,3대륙주유기,랍,역,2,면불탑,민족,인도양,슈웨다곤파고다,말라카해협,4,,,,,,,,,,,,
성도,남해기귀내법전,중,역,2,아유타야의불두,민족,필리핀,아유타야의불두,말라카해협,4,,,,,,,,,,,,
서안,남해기귀내법전,중,역,2,아유타야의불두,민족,필리핀,아유타야의불두,말라카해협,4,,,,,,,,,,,,
성도,서유록,굴,역,3,달라이라마의신전,민족,인도양,포타라궁전,,,,,,,,,,,,,,
북경,서유록,굴,역,3,달라이라마의신전,민족,인도양,포타라궁전,,,,,,,,,,,,,,
베니스,동방견문록,로,역,1,황금사원,민족,중국,금각사,지팡구,9,,,,,,,,,,,,
제노바,동방견문록,로,역,1,황금사원,민족,중국,금각사,지팡구,9,,,,,,,,,,,,
로마,동방견문록,로,역,1,황금사원,민족,중국,금각사,지팡구,9,,,,,,,,,,,,
테노치티틀란,텔레리아노레멘시스그림문서,미,역,2,돌요새,민족,남미,마추픽추,,,,,,,,,,,,,,
팔렝케,포포르부흐,-,미,2,훗마츠아의거인상,민족,필리핀,모아이,,,,,,,,,,,,,,
이스탄불,루우미어록,페,-,-,마스지트이샤,민족,지중해,마스지트이샤,희망봉,1,,,,,,,,,,,,
예루살렘,루우미어록,페,-,-,마스지트이샤,민족,지중해,마스지트이샤,희망봉,1,,,,,,,,,,,,
메카,루우미어록,페,-,-,마스지트이샤,민족,지중해,마스지트이샤,희망봉,1,,,,,,,,,,,,
세빌리아,엘시드의노래,스,-,-,알함브라궁전,민족,서유럽,알함브라궁전,,,,,,,,,,,,,,
톨레도,엘시드의노래,스,-,-,알함브라궁전,민족,서유럽,알함브라궁전,,,,,,,,,,,,,,
튀니스,루즈미야드,랍,역,3,바위돔,민족,지중해,바위돔,,,,,,,,,,,,,,
다마스쿠스,루즈미야드,랍,역,3,바위돔,민족,지중해,바위돔,,,,,,,,,,,,,,
튀니스,종교학의부활,랍,역,1,크투브미나르,민족,인도양,쿠투브미나르,인도,3,,,,,,,,,,,,
예루살렘,종교학의부활,랍,역,1,크투브미나르,민족,인도양,쿠투브미나르,인도,3,,,,,,,,,,,,
바그다드,종교학의부활,랍,역,1,크투브미나르,민족,인도양,쿠투브미나르,인도,3,,,,,,,,,,,,
광주,이공친서,필,-,-,아난다사원,민족,인도양,아난다사원,인도,3,,,,,,,,,,,,
베니스,동방견문록,로,역,1,중국의칠보,보물,중국,자금성,중국,6,,,,,,,,,,,,
제노바,동방견문록,로,역,1,중국의칠보,보물,중국,자금성,중국,6,,,,,,,,,,,,
로마,동방견문록,로,역,1,중국의칠보,보물,중국,자금성,중국,6,,,,,,,,,,,,
리스본,기네발견정복기,갈,역,2,테라코타상,민족,북서카,테라코타상,,,,,,,,,,,,,,
리스본,콩고왕국기,로,프,1,아프리카원주민,민족,남서카,홋텐토트족,,,,,,,,,,,,,,
톨레도,콩고왕국기,로,프,1,아프리카원주민,민족,남서카,홋텐토트족,,,,,,,,,,,,,,
밀라노,콩고왕국기,로,프,1,아프리카원주민,민족,남서카,홋텐토트족,,,,,,,,,,,,,,
베니스,세계의모습,로,항,2,수장족,민족,인도양,파돈족,말라카해협,4,,,,,,,,,,,,
제노바,세계의모습,로,항,2,수장족,민족,인도양,파돈족,말라카해협,4,,,,,,,,,,,,
나폴리,세계의모습,로,항,2,수장족,민족,인도양,파돈족,말라카해협,4,,,,,,,,,,,,
베니스,세계의모습,로,항,1,식인귀,미신,중국,나마하게,지팡구,9,,,,,,,,,,,,
제노바,세계의모습,로,항,1,식인귀,미신,중국,나마하게,지팡구,9,,,,,,,,,,,,
나폴리,세계의모습,로,항,1,식인귀,미신,중국,나마하게,지팡구,9,,,,,,,,,,,,
델리,라마야나,힌,과,2,숲사람,민족,필리핀,오랑우탄,말라카해협,4,,,,,,,,,,,,
광주,해남화이도,중,필,1,남방대륙인,민족,필리핀,어보리지니,남방대륙,10,,,,,,,,,,,,
항주,해남화이도,중,필,1,남방대륙인,민족,필리핀,어보리지니,남방대륙,10,,,,,,,,,,,,
다마스쿠스,샤나메,페,필,1,무두인,민족,필리핀,뉴기니아인,향료제도,5,,,,,,,,,,,,
이스파한,샤나메,페,필,1,무두인,민족,필리핀,뉴기니아인,향료제도,5,,,,,,,,,,,,
사마르칸트,샤나메,페,필,1,무두인,민족,필리핀,뉴기니아인,향료제도,5,,,,,,,,,,,,
세빌리아,에다,게,-,-,얼음민족,민족,서유럽,이누이트,신대륙,2,,,,,,,,,,,,
코펜하겐,에다,게,-,-,얼음민족,민족,서유럽,이누이트,신대륙,2,,,,,,,,,,,,
코펜하겐,사가,게,미,1,스쿠렐링,민족,북미,인디안,신대륙,2,,,,,,,,,,,,
치첸이트사의카스티료,페레시아누스고사본,-,미,1,태양의왕국,보물,카리브,아즈텍제국,,,,,,,,,,,,,,
테노치티틀란,태양의그림문서,미,역,1,황금제국,민족,남미,잉카제국,아즈텍제국,77,,,,,,,,,,,,
한양,삼국유사,본,-,-,불국사,민족,중국,불국사,,,,,,,,,,,,,,
